{
   "tours":[
      {
         "title":"German Tour: Parliament Quarter \u0026amp; Reichstag glass dome",
         "price": "14",
         "currency": "$",
         "rating":"4.8",
         "isSpecialOffer":false
      },
      {
         "title":"Skip the Line: Pergamon Museum Berlin Tickets",
         "price": "21",
         "currency": "$",
         "rating":"4.8",
         "isSpecialOffer":false
      },
      {
         "title":"Berlin WelcomeCard: Transport, Discounts \u0026amp; Guide Book",
         "price": "10",
         "currency": "$",
         "rating":"4.6",
         "isSpecialOffer":false
      },
      {
         "title":"Skip the Line: Berlin TV Tower Ticket",
         "price": "143",
         "currency": "$",
         "rating":"4.6",
         "isSpecialOffer":false
      },
      {
         "title":"1-Hour City Tour by Boat with Guaranteed Seating",
         "price": "14",
         "currency": "$",
         "rating":"4.5",
         "isSpecialOffer":false
      },
      {
         "title":"Berlin Hop-on Hop-off Bus Tour: 1- or 2-Day Ticket",
         "price": "210",
         "currency": "$",
         "rating":"4.3",
         "isSpecialOffer":false
      },
      {
         "title":"German Tour: Reichstag with Plenary Chamber \u0026amp; Cuppola",
         "price": "59",
         "currency": "$",
         "rating":"4.8",
         "isSpecialOffer":false
      },
      {
         "title":"Berlin: 2.5-Hour Boat Tour Along the River Spree",
         "price": "41",
         "currency": "$",
         "rating":"4.5",
         "isSpecialOffer":true
      },
      {
         "title":"Museum Pass Berlin: 3-Day Entry to Over 40 Top Museums",
         "price": "14",
         "currency": "$",
         "rating":"4.5",
         "isSpecialOffer":false
      },
      {
         "title":"Reichstag: Rooftop Coffee Break at K\u00e4fer",
         "price": "50",
         "currency": "$",
         "rating":"4.6",
         "isSpecialOffer":true
      },
      {
         "title":"Skip the Line: Neues Museum Berlin Tickets",
         "price": "46",
         "currency": "$",
         "rating":"4.9",
         "isSpecialOffer":true
      },
      {
         "title":"German Tour: Reichstag with dome Chamber \u0026amp;",
         "price": "87",
         "currency": "$",
         "rating":"4.8",
         "isSpecialOffer":false
      },
      {
         "title":"Berlin Hop-on Hop-off Bus Tour with Live Commentary",
         "price": "8",
         "currency": "$",
         "rating":"4.3",
         "isSpecialOffer":false
      },
      {
         "title":"Skip the Line: TV Tower Early Bird Tickets",
         "price": "140",
         "currency": "$",
         "rating":"4.5",
         "isSpecialOffer":false
      }
   ]
}